{"cameraMode":{"drawMode":0,"name":"Shaded","section":"Shading Mode"},"sceneLighting":false,"audioPlay":false,"sceneViewState":{"m_AlwaysRefresh":false,"showFog":true,"showSkybox":true,"showFlares":true,"showImageEffects":true,"showParticleSystems":true,"showVisualEffectGraphs":true,"m_FxEnabled":true},"in2DMode":false,"pivot":{"x":23.130796432495118,"y":23.66608238220215,"z":27.992643356323243},"rotation":{"x":0.32366666197776797,"y":-0.5941386818885803,"z":0.28284287452697756,"w":0.6798918843269348},"size":2.219651699066162,"orthographic":false}